{
  "scaler_means": [0.4500264969, 0.2289130788, 0.5047006579, 0.3357790272, 86.6145860539, 86.6564841769, 0.0653664574, 0.1210933462, 0.1235517037, 0.4953928731],
  "scaler_scale": [0.1905683511, 0.1146526123, 0.2332062238, 0.2867966640, 20.5922031057, 32.0608291642, 0.0871725412, 0.0831964267, 0.0884731600, 0.1704761973],
  "classification_thresholds": {
    "healthy": 0.60,
    "scoliosis": 0.98,
    "asymmetry_fuse_threshold": 0.05
  },
  "confidence_scaling": {
      "min_displayed": 0.50,
      "max_displayed": 0.95,
      "high_risk_min": 0.75
  }
}
